Name,Openness,Conscientiousness,Extraversion,Agreeableness,Neuroticism,Dominance_emotion
Leo Ivanov,high,low,high,high,high,disgust
Ana Brown,medium,low,medium,high,medium,anger
Zara Chen,medium,high,medium,high,low,anger
Ali Young,low,high,low,low,low,fear
Aurora Flores,high,low,medium,high,high,disgust
Isabella Wilson,medium,medium,low,low,high,happiness
Hiroshi Zhang,low,medium,high,medium,medium,disgust
Ivan Johnson,medium,medium,high,high,medium,fear
Kai Garcia,medium,low,low,medium,medium,fear
Ivan Thompson,high,low,low,low,low,sadness
Dmitri Sokolov,high,low,high,medium,low,fear
Emily Kumar,medium,medium,low,high,high,neutral
Ali Singh,medium,high,high,low,medium,happiness
Sakura Thompson,medium,medium,low,medium,low,disgust
Olivia Kozlov,medium,low,low,low,high,fear
Leo Lewis,high,low,low,high,medium,neutral
Max Ahmed,low,low,low,low,medium,sadness
Ming Ramirez,medium,low,high,low,low,anger
Ekaterina Kumar,low,low,medium,medium,high,surprise
Sarah Yamamoto,high,medium,low,low,high,disgust
Felix Smith,medium,high,medium,low,low,neutral
Maria Petrov,medium,low,low,high,high,surprise
Isabella Lopez,high,medium,high,medium,low,anger
Diego Flores,medium,high,low,high,high,fear
Felix Sokolov,low,medium,medium,medium,medium,happiness
Clara Smirnov,medium,high,high,medium,low,happiness
Sergei Smith,medium,low,low,medium,low,surprise
Noah Johnson,low,low,low,medium,medium,anger
Grace Zhang,medium,medium,medium,high,high,disgust
Max Torres,medium,low,high,high,high,disgust
Zara Malik,medium,medium,high,high,medium,sadness
Marcus Wilson,high,medium,high,medium,medium,happiness
Ahmad Shah,low,low,medium,low,high,disgust
Natasha Wang,low,high,low,medium,high,surprise
Olivia Singh,medium,high,low,high,low,fear
Eva Rivera,high,high,high,high,medium,disgust
Isabella Hassan,medium,low,low,low,low,neutral
Clara Anderson,medium,high,high,medium,high,neutral
Sophia Huang,medium,low,high,high,high,anger
Natasha Clark,low,low,high,medium,high,happiness
Nina Davis,low,medium,medium,medium,medium,fear
Maria Liu,high,medium,high,medium,high,surprise
Sergei Lewis,medium,high,medium,low,medium,fear
Aurora Lewis,high,low,low,low,medium,surprise
Michael Kim,medium,high,low,low,high,anger
Julia Martinez,low,high,high,high,high,happiness
Anna Diaz,low,medium,low,high,low,happiness
Max Jones,high,medium,low,high,low,neutral
Dmitri White,low,medium,medium,low,low,surprise
Emily Zhang,low,low,high,medium,medium,anger
Zara Ahmed,low,low,medium,low,medium,sadness
Michael Rodriguez,low,high,high,high,low,surprise
Oliver Ivanov,high,low,low,medium,medium,disgust
Noor Kozlov,low,high,high,low,low,disgust
Joseph Diaz,low,high,low,high,high,fear
Daniel Petrov,low,medium,low,low,medium,surprise
Joseph Garcia,high,low,medium,high,low,surprise
Ahmad Diaz,medium,low,medium,low,low,anger
Anna Brown,medium,low,medium,medium,low,anger
Laura Johnson,medium,high,high,high,low,anger
Leila Jones,medium,medium,medium,medium,high,happiness
Jin Tanaka,medium,medium,medium,medium,low,neutral
Dmitri Anderson,high,low,high,medium,medium,sadness
Julia Lee,high,low,low,high,medium,happiness
Hiroshi Wilson,medium,medium,medium,high,medium,surprise
Joseph Yamamoto,low,high,low,medium,high,happiness
Omar Huang,high,high,medium,low,high,surprise
Alexander Malik,medium,medium,high,low,high,surprise
Olga Lewis,high,high,medium,low,medium,disgust
Olga Clark,high,high,medium,high,high,neutral
Natasha Huang,low,high,low,high,medium,fear
Maria Young,high,high,high,low,medium,disgust
Liam Kumar,low,low,medium,medium,high,anger
Isabella Huang,low,low,low,medium,high,disgust
Emily Malik,low,low,low,high,medium,happiness
Max Patel,medium,medium,low,high,high,fear
James Lewis,low,low,low,low,low,surprise
Omar Tanaka,medium,low,high,high,high,sadness
Olivia Shah,high,low,medium,medium,low,sadness
Yuki Thompson,high,medium,low,low,high,sadness
Joseph Chen,high,high,high,high,low,surprise
Lucas Liu,medium,low,high,medium,medium,sadness
Ming Al-Sayed,high,high,low,low,medium,disgust
Zara Davis,low,high,medium,high,low,surprise
Hassan Lee,high,medium,high,high,high,sadness
Noor Chen,low,low,high,medium,low,neutral
Nina Popov,medium,high,medium,medium,high,disgust
Wei Garcia,low,high,medium,low,high,happiness
Aisha Malik,low,low,low,high,medium,fear
Diego Lebedev,medium,high,high,low,medium,anger
Olivia Gomez,high,high,high,high,medium,happiness
Chen Gonzalez,high,low,medium,medium,high,anger
Zara Miller,low,high,high,low,high,anger
Sophia Ahmed,high,medium,high,high,medium,fear
James Martin,medium,low,high,low,low,fear
Ava Sokolov,low,high,high,medium,low,disgust
Leo Martinez,low,high,high,low,high,neutral
Luna Petrov,high,high,high,medium,high,anger
Yuki Liu,low,low,low,medium,high,fear
Hiroshi Chen,high,medium,medium,medium,low,happiness
Emma Smirnov,medium,high,medium,high,low,fear
Sofia Hassan,high,low,medium,high,high,surprise
Matthew Davis,high,high,low,medium,low,happiness
Diego Clark,low,low,high,high,medium,disgust
Alice Ivanov,medium,medium,medium,high,high,surprise
William Brown,high,low,medium,low,medium,sadness
Joseph Ivanov,medium,low,medium,medium,high,neutral
Maria Zhang,low,high,low,high,low,disgust
Laura Malik,high,low,medium,high,low,sadness
Ming Malik,medium,high,low,high,medium,surprise
Emma Huang,high,high,low,medium,medium,fear
Aurora Martinez,high,medium,high,high,low,fear
Dmitri Lewis,low,medium,high,low,high,neutral
Miguel Ali,medium,medium,medium,high,low,surprise
David Williams,high,low,high,medium,low,disgust
Sakura Kim,medium,medium,low,medium,high,happiness
Ekaterina Tanaka,high,medium,high,high,low,disgust
Michael Khan,high,high,high,medium,low,happiness
Dmitri Chen,medium,high,low,medium,high,anger
Julia Ivanov,medium,high,high,high,high,sadness
Carlos Martinez,high,high,high,medium,medium,surprise
Olga Kuznetsov,medium,medium,medium,low,high,happiness
Mohammed White,low,medium,medium,high,medium,neutral
Ali Gonzalez,medium,medium,medium,low,low,surprise
Carlos Sokolov,low,low,high,low,high,anger
Olga Hassan,low,medium,low,medium,low,neutral
Nina Flores,medium,medium,medium,low,high,fear
Laura Davis,high,medium,low,high,medium,disgust
Sofia Lee,low,low,high,low,low,fear
Olga Yamamoto,high,medium,high,high,medium,disgust
Omar Kuznetsov,low,high,low,medium,medium,happiness
Carlos Clark,medium,low,high,medium,low,surprise
Chen Perez,high,low,low,medium,low,anger
Fatima Anderson,medium,low,high,medium,high,anger
Liam Martinez,low,medium,medium,low,medium,anger
William White,medium,high,low,low,high,fear
Hassan Young,high,low,high,medium,high,neutral
Anna White,low,medium,medium,low,low,neutral
Daniel Tanaka,medium,medium,high,low,medium,fear
Olga Lee,low,medium,high,medium,medium,anger
Carlos Morozov,medium,medium,low,low,low,disgust
Matthew Patel,medium,high,low,low,medium,sadness
Felix Rodriguez,low,medium,medium,medium,high,sadness
Maria Gonzalez,high,low,low,medium,high,neutral
Aisha Thompson,low,medium,medium,high,high,disgust
Dmitri Lewis,high,low,medium,medium,high,sadness
Zara Hassan,high,low,high,high,medium,disgust
Chen Novikov,low,high,high,high,high,surprise
Dmitri Torres,low,high,high,medium,medium,happiness
Max Flores,medium,low,low,medium,high,anger
Thomas Popov,medium,high,high,high,medium,surprise
Omar Martin,high,high,low,high,low,anger
Clara Sanchez,high,low,medium,low,high,happiness
Felix Martin,medium,low,high,medium,medium,anger
Dmitri Sokolov,low,low,high,low,medium,disgust
Wei Williams,high,low,low,medium,high,surprise
Mei Petrov,high,high,low,low,high,happiness
Omar Lebedev,low,low,low,low,low,fear
Ana Ahmed,medium,low,medium,high,high,fear
Matthew White,medium,low,high,low,medium,anger
Kai Morozov,high,high,high,low,high,neutral
William Sokolov,low,high,medium,medium,medium,neutral
Olga Williams,low,medium,medium,low,medium,neutral
Maria Rivera,low,low,low,high,high,neutral
Anna Yang,high,low,high,medium,high,sadness
Grace Ivanov,high,high,medium,low,high,sadness
Jin Torres,low,medium,low,low,high,happiness
Ana White,low,high,low,high,medium,surprise
Jin Shah,low,low,medium,low,low,sadness
Noor Popov,medium,medium,low,medium,high,sadness
Mei Gomez,low,medium,high,low,medium,sadness
Clara Chen,high,low,high,low,high,neutral
Olga Torres,high,low,high,medium,low,neutral
Olga Williams,low,high,low,medium,low,surprise
Thomas Malik,low,low,high,medium,high,sadness
Liam Patel,medium,low,medium,high,low,surprise
Daniel Perez,low,high,medium,high,high,neutral
Ming Thompson,high,low,high,high,low,disgust
Wei Smirnov,medium,high,low,medium,high,neutral
Leo Lewis,high,medium,low,medium,low,disgust
Zara Hassan,high,high,low,high,low,neutral
Alice Kuznetsov,high,low,high,low,high,surprise
Nina Kumar,high,medium,low,medium,medium,happiness
Yuki White,high,medium,low,low,medium,neutral
Sofia Martinez,low,low,low,low,low,neutral
Emma Lee,high,low,low,low,high,anger
Wei Martinez,medium,high,medium,medium,high,surprise
Michael Jones,high,medium,medium,high,low,neutral
Matthew Khan,high,medium,high,high,low,anger
Natasha Davis,high,low,medium,low,medium,neutral
Alexander Johnson,high,medium,high,low,low,sadness
Leila Sokolov,low,low,high,medium,high,anger
Emma Patel,medium,low,medium,medium,low,happiness
Emily Miller,medium,high,high,medium,high,fear
Olivia Johnson,medium,high,low,medium,medium,neutral
Elena Brown,low,low,medium,low,medium,surprise
Jin Yamamoto,high,low,low,low,low,anger
Max Davis,low,high,medium,medium,medium,surprise
Lucas Thompson,high,low,low,low,medium,disgust
Chen Hassan,low,high,low,low,medium,disgust
Ali Yamamoto,low,medium,low,high,low,surprise
Alice Kozlov,low,low,high,high,medium,surprise
James Clark,low,high,high,high,medium,anger
Omar Lee,medium,low,high,medium,high,disgust
Aisha Kuznetsov,low,high,low,high,low,surprise
Emily Davis,medium,medium,medium,high,medium,happiness
Aisha Yang,high,high,high,high,medium,surprise
Sakura Kim,low,medium,medium,low,high,surprise
Fatima Jones,medium,low,medium,low,medium,sadness
Carlos Chen,low,low,medium,high,high,happiness
Sophie Ivanov,medium,low,medium,high,high,surprise
Ming Lewis,low,high,medium,low,medium,fear
Ivan Gonzalez,low,medium,high,low,medium,anger
Clara Martin,high,high,medium,high,medium,neutral
Jin Davis,medium,medium,medium,high,medium,neutral
Viktor Gomez,medium,medium,low,high,low,anger
Alexander Rivera,medium,medium,high,high,low,neutral
James Popov,medium,medium,high,low,low,anger
Aisha Taylor,low,high,low,low,high,surprise
Omar Kuznetsov,low,medium,high,high,medium,fear
Alice Ahmed,medium,low,low,medium,low,anger
Lucas Morozov,low,low,medium,medium,low,anger
Julia Petrov,medium,low,medium,medium,low,sadness
Julia Hassan,medium,medium,high,high,medium,disgust
Yuki Garcia,high,medium,high,low,low,happiness
Clara Malik,low,low,medium,high,medium,happiness
Alexander Kuznetsov,low,high,medium,low,high,neutral
Zara Thompson,high,high,medium,medium,high,surprise
Sophia Perez,medium,medium,medium,medium,medium,fear
Mohammed Ivanov,high,low,low,medium,medium,sadness
Sakura Novikov,medium,medium,high,low,low,sadness
Clara Martinez,low,low,medium,medium,high,fear
Yuki Shah,high,high,high,low,high,disgust
Ana Kuznetsov,high,medium,medium,high,high,anger
Daniel Thompson,medium,low,low,medium,medium,happiness
Hui Lebedev,medium,high,low,high,high,happiness
Hassan Sokolov,medium,high,low,medium,high,disgust
Oliver Zhang,low,low,high,low,medium,sadness
Leo Jones,high,high,medium,medium,high,anger
Omar Wilson,medium,low,low,low,medium,neutral
Hiroshi Hassan,medium,low,low,high,low,fear
Alexander Novikov,high,medium,low,high,medium,surprise
Joseph Ali,medium,low,medium,medium,medium,sadness
Dmitri Taylor,high,low,medium,low,medium,fear
Olga Ramirez,medium,medium,high,low,low,disgust
Oliver Zhang,medium,low,low,low,medium,surprise
Laura Morozov,low,low,high,medium,high,disgust
Marcus Chen,low,medium,medium,low,low,happiness
Anna Kuznetsov,medium,low,medium,low,high,anger
Sergei Kim,high,low,low,medium,high,fear
Aisha Al-Sayed,low,medium,high,high,medium,neutral
Alexander Perez,high,medium,high,low,medium,disgust
Zara Lebedev,medium,medium,high,high,low,fear
Alexander Gomez,medium,high,medium,medium,low,fear
Olivia Tanaka,high,low,low,high,low,happiness
Laura Ali,low,low,high,medium,medium,neutral
Zara Lebedev,medium,high,high,low,medium,disgust
Mohammed Chen,low,medium,low,medium,medium,surprise
Leila Novikov,medium,high,high,high,high,disgust
Ekaterina Zhang,medium,low,high,low,high,happiness
Max Torres,high,high,low,high,high,sadness
Emma Novikov,low,high,low,low,high,happiness
Wei Yamamoto,medium,high,medium,high,medium,surprise
Maria Gomez,high,medium,medium,medium,medium,anger
Mohammed Ali,low,medium,high,high,high,happiness
Luna Brown,medium,low,high,high,low,neutral
Daniel Popov,low,high,high,medium,high,surprise
Alice Torres,high,low,medium,high,low,happiness
Diego Wilson,medium,high,high,low,high,fear
Sophie Martin,medium,high,medium,medium,high,sadness
Mei Roberts,low,low,low,medium,medium,neutral
Lucas Martin,high,medium,high,low,low,anger
Sergei Popov,low,medium,high,high,high,fear
Sofia Patel,high,high,high,medium,medium,disgust
Sofia Chen,medium,medium,medium,medium,medium,sadness
Sophia White,low,medium,low,low,low,neutral
Hiroshi Lee,low,low,medium,medium,medium,anger
Maria Singh,low,low,medium,low,low,anger
Alice Anderson,medium,low,low,low,medium,disgust
Dmitri Ahmed,high,low,low,high,high,anger
David White,low,low,medium,high,high,sadness
Noor Chen,high,high,medium,high,low,happiness
Thomas Rivera,medium,high,medium,high,low,neutral
Felix Sokolov,medium,high,medium,low,high,anger
Sergei Gonzalez,low,high,high,high,low,anger
David Shah,high,high,low,low,medium,surprise
Dmitri Hassan,medium,medium,medium,low,low,neutral
Alice Kumar,high,low,medium,medium,low,happiness
Ming Shah,medium,low,low,high,high,anger
Viktor Martin,high,low,medium,medium,low,anger
Grace Martinez,low,low,medium,high,medium,sadness
Michael Gonzalez,medium,medium,medium,high,medium,anger
Alexander Kumar,low,low,medium,low,medium,happiness
Luna Jones,medium,medium,low,low,high,disgust
Alice Liu,high,low,low,high,high,neutral
Leila Williams,medium,medium,low,high,high,happiness
Leila Khan,medium,low,high,low,medium,sadness
Sakura Yamamoto,medium,high,medium,low,low,anger
Isabella Khan,high,high,medium,high,high,happiness
Grace Ali,medium,low,medium,low,medium,surprise
Carlos Singh,high,high,medium,low,high,disgust
Hassan Lewis,high,high,medium,high,medium,fear
Olga Yamamoto,low,medium,high,medium,medium,happiness
Nina Morozov,medium,high,medium,high,medium,happiness
Thomas Ramirez,low,low,medium,low,medium,anger
Mohammed Miller,low,medium,low,low,medium,disgust
Julia Ivanov,high,low,low,high,high,fear
Omar Sokolov,high,medium,medium,medium,medium,sadness
Sergei Kuznetsov,high,medium,medium,medium,high,disgust
Zara Ahmed,high,low,low,low,high,happiness
Oliver Smith,high,low,high,low,medium,fear
Zara Morozov,high,high,medium,low,medium,neutral
Laura Martin,medium,medium,high,high,high,sadness
Ava Malik,low,medium,low,medium,medium,sadness
Sakura Thompson,low,low,medium,high,medium,surprise
Anna Ahmed,high,medium,medium,medium,medium,disgust
Eva Flores,medium,high,medium,low,medium,sadness
Dmitri Gonzalez,low,low,low,medium,medium,happiness
Diego Liu,high,medium,medium,low,medium,anger
Emma Ahmed,medium,medium,medium,low,medium,fear
Anna Wang,medium,high,medium,medium,medium,neutral
Eva Shah,high,low,medium,high,low,fear
Hiroshi Gomez,high,high,medium,high,high,sadness
Laura Smith,high,medium,medium,high,high,surprise
Miguel Tanaka,medium,medium,low,medium,low,happiness
Emily Sanchez,low,low,medium,low,high,fear
Ming Gomez,medium,high,high,low,medium,fear
Zara Miller,low,high,high,medium,medium,neutral
Carlos Khan,low,low,high,medium,medium,fear
Pablo Novikov,low,medium,high,medium,high,anger
Laura Roberts,medium,medium,low,medium,high,neutral
Laura Popov,high,high,high,low,high,sadness
Chen White,high,high,high,high,high,neutral
Alexander Young,low,medium,medium,low,high,fear
Nina Ahmed,high,low,low,low,medium,neutral
Eva Kim,low,medium,high,high,medium,surprise
Diego Zhang,low,medium,medium,low,high,sadness
Pablo Diaz,high,high,high,low,medium,fear
Zara Ahmed,medium,low,high,high,medium,anger
William Gonzalez,low,low,high,low,low,neutral
Miguel Anderson,low,medium,high,high,low,disgust
Daniel Williams,medium,low,low,medium,medium,sadness
Hui Ramirez,low,low,low,low,low,happiness
Anna Yang,high,high,medium,medium,medium,fear
Ivan Thompson,low,high,low,medium,medium,fear
Emily Singh,medium,medium,high,medium,high,surprise
Chen Sanchez,high,high,low,high,high,fear
Michael Martinez,medium,high,high,low,medium,neutral
Sarah Patel,high,medium,low,high,high,disgust
Noor Davis,low,high,low,high,high,surprise
David Liu,medium,high,low,high,high,disgust
Hassan Huang,low,low,high,high,medium,anger
Clara Kuznetsov,medium,low,low,low,high,surprise
Ava Lebedev,medium,high,medium,low,medium,neutral
Isabella Chen,low,medium,low,high,medium,neutral
Hui Wilson,low,high,high,high,medium,neutral
Elena Ramirez,low,medium,high,medium,medium,fear
Aisha Zhang,medium,low,medium,high,high,happiness
Luna Kim,medium,low,high,high,high,neutral
Max Yamamoto,high,medium,medium,low,low,sadness
Thomas Martinez,medium,low,medium,low,high,sadness
Elena Young,high,high,low,medium,low,neutral
Noor Smith,high,high,medium,medium,low,fear
Ming Taylor,high,medium,high,low,high,fear
Sarah Malik,low,low,low,high,low,surprise
Ava Gonzalez,medium,high,low,low,low,sadness
Alexander Diaz,medium,high,high,medium,low,sadness
Lucas Roberts,medium,low,high,medium,medium,happiness
Natasha Ali,medium,low,medium,high,medium,disgust
Ivan Singh,low,medium,high,medium,high,sadness
Aisha Wang,medium,high,high,low,low,anger
Nina Ivanov,medium,low,low,medium,high,sadness
Anna Thompson,low,medium,low,high,medium,anger
Sofia Malik,low,high,high,medium,high,neutral
Ahmad Kozlov,high,medium,low,medium,high,happiness
Eva Morozov,medium,high,low,medium,high,sadness
Matthew Tanaka,high,low,high,high,high,anger
Oliver Huang,high,medium,high,medium,medium,anger
Sofia Kozlov,medium,high,high,high,medium,happiness
Aisha Ramirez,low,high,low,high,high,anger
Ahmad Brown,medium,medium,high,medium,high,sadness
Marcus Ahmed,low,low,medium,high,low,surprise
Julia Sanchez,low,medium,medium,high,low,fear
Grace Smirnov,low,low,high,high,medium,sadness
Emily Lebedev,high,low,medium,medium,medium,disgust
Elena Anderson,medium,high,low,high,medium,disgust
Hui Novikov,low,medium,medium,medium,high,neutral
Omar Lopez,high,low,low,high,medium,anger
Noor Kim,high,high,medium,low,low,anger
Zara Morozov,low,medium,high,medium,low,anger
Ekaterina Smith,high,low,low,low,high,fear
Ava Johnson,medium,medium,high,high,high,disgust
Lucas Lewis,medium,low,high,low,medium,surprise
Matthew Johnson,high,low,high,low,high,fear
Isabella Sanchez,high,medium,low,low,low,neutral
Liam Williams,low,medium,low,low,high,neutral
Ana Clark,low,medium,high,high,medium,disgust
Eva Morozov,medium,high,high,high,high,surprise
Hiroshi Thompson,low,medium,high,low,low,disgust
Max Al-Sayed,low,medium,medium,high,high,sadness
David Clark,high,low,medium,high,medium,disgust
Ali Liu,high,medium,low,low,low,anger
Sophie Hassan,medium,high,medium,low,low,fear
Marcus Lewis,low,high,medium,high,medium,sadness
Noor Martinez,low,low,high,low,high,neutral
Ahmad Sanchez,high,high,high,medium,high,neutral
Joseph Wang,low,high,low,medium,low,sadness
Julia Kumar,low,low,low,high,medium,anger
Liam Diaz,low,low,medium,low,low,surprise
Nina Wilson,medium,low,high,low,high,surprise
Alice Anderson,high,high,high,medium,low,neutral
Natasha Lebedev,high,medium,high,medium,medium,fear
Grace Zhang,medium,low,high,low,high,sadness
Ava Martin,medium,high,medium,low,low,surprise
Fatima Perez,high,medium,low,medium,high,neutral
Felix Roberts,high,high,low,high,low,sadness
Sergei Torres,low,low,medium,high,high,fear
Olga Morozov,low,medium,medium,high,medium,surprise
Emma Lebedev,low,high,low,medium,low,disgust
Kai Rodriguez,high,low,high,medium,high,surprise
Julia Clark,high,high,high,low,low,fear
Mohammed Ivanov,medium,medium,medium,high,medium,fear
Emma Morozov,low,high,medium,medium,high,sadness
Nina Gomez,low,high,medium,medium,low,happiness
Noah Taylor,high,medium,high,high,low,surprise
Aisha Khan,low,low,low,high,low,fear
Miguel Chen,medium,medium,high,medium,medium,neutral
Chen Brown,medium,low,low,high,medium,sadness
Isabella Wilson,high,low,high,low,low,neutral
Chen Kim,high,high,medium,low,low,fear
Felix Brown,medium,low,medium,medium,medium,disgust
Viktor Martinez,medium,low,medium,low,low,happiness
Mohammed Lewis,high,medium,low,low,low,fear
Sophie Smith,medium,low,low,high,medium,disgust
Wei Lee,low,medium,medium,medium,low,neutral
Zara Torres,high,high,high,low,medium,neutral
Mei Gonzalez,high,high,high,medium,medium,happiness
Michael Jones,high,medium,medium,low,high,sadness
Grace White,low,medium,low,low,low,anger
Leo Perez,high,low,low,medium,low,sadness
Sofia Davis,low,high,high,high,medium,sadness
Viktor Diaz,medium,medium,high,low,medium,surprise
Sergei Smirnov,medium,low,high,high,low,fear
Daniel Novikov,high,medium,low,medium,high,fear
Oliver Anderson,medium,low,low,medium,high,neutral
Oliver Young,low,medium,high,medium,medium,neutral
Hui Smith,high,medium,low,high,high,surprise
Noah Garcia,low,medium,medium,high,medium,sadness
Noor Johnson,high,high,high,high,high,anger
Michael Jones,medium,medium,high,low,medium,happiness
Alice Lee,medium,medium,high,high,high,surprise
Jin Brown,medium,medium,medium,low,high,surprise
Aurora Ramirez,high,high,medium,high,medium,happiness
Zara Novikov,medium,high,medium,high,low,disgust
Olivia Sanchez,high,low,medium,low,high,anger
Marcus Kuznetsov,high,high,high,medium,high,happiness
Luna Kuznetsov,high,high,medium,low,low,neutral
Clara Lopez,medium,high,high,medium,medium,happiness
Yuki Shah,low,high,high,low,medium,sadness
Diego Wilson,high,medium,low,medium,high,surprise
Viktor Gonzalez,low,medium,medium,low,medium,fear
Aisha Brown,low,low,low,high,low,disgust
Nina Petrov,high,high,high,low,low,neutral
Fatima Martinez,low,medium,medium,low,high,disgust
Sofia Zhang,low,medium,low,medium,medium,fear
Diego Kumar,high,low,medium,low,medium,disgust
Joseph Chen,medium,high,high,high,medium,anger
Kai Yamamoto,low,medium,medium,low,medium,disgust
Max Morozov,medium,medium,medium,low,low,disgust
Liam Lopez,high,medium,high,high,low,happiness
Luna Garcia,high,medium,medium,low,low,neutral
Yuki Diaz,medium,medium,high,low,low,happiness
Ana Johnson,low,high,high,high,low,neutral
Fatima White,medium,low,high,high,medium,neutral
Viktor White,medium,low,high,low,low,sadness
Jin Hassan,medium,low,high,low,high,disgust
Zara Khan,high,high,low,medium,low,surprise
Aurora White,low,high,low,high,low,fear
Alexander Morozov,low,high,medium,high,low,fear
Ming Patel,medium,low,medium,low,medium,neutral
Leo Gonzalez,low,high,high,high,medium,fear
Ming Morozov,low,low,high,high,low,fear
Sakura Thompson,low,high,low,medium,low,neutral
Maria Yang,medium,medium,medium,low,medium,surprise
Elena Torres,low,medium,low,low,low,happiness
Ming Torres,low,medium,high,low,medium,fear
Dmitri Thompson,medium,low,high,low,low,surprise
Lucas Hassan,low,high,high,low,medium,surprise
Alice Kim,low,medium,low,high,high,surprise
Wei Ahmed,low,high,low,low,high,fear
Maria Kozlov,low,medium,low,high,low,disgust
Oliver Roberts,medium,low,low,medium,low,fear
Maria Shah,low,low,low,low,low,disgust
Elena Liu,low,low,high,high,high,happiness
Daniel Smith,low,medium,low,high,high,neutral
Yuki Patel,high,medium,high,high,low,neutral
Sophia Johnson,high,low,medium,medium,medium,neutral
Ivan Ramirez,high,high,medium,medium,high,neutral
Luna Ivanov,high,high,low,medium,medium,disgust
Julia Kim,medium,high,high,low,low,disgust
Ivan Patel,high,medium,low,low,low,sadness
Emma Ivanov,high,medium,low,high,medium,happiness
Hassan Torres,medium,medium,high,high,high,fear
Fatima Ahmed,low,high,low,high,medium,disgust
Alexander Patel,low,low,medium,low,low,neutral
Isabella Chen,low,low,high,high,high,surprise
Michael Patel,high,high,low,low,medium,neutral
Viktor Singh,high,high,medium,medium,high,happiness
Ekaterina Kim,medium,low,low,high,high,sadness
Noah Al-Sayed,medium,medium,low,medium,medium,neutral
Laura Khan,low,medium,high,high,medium,happiness
Lucas Martin,low,medium,medium,high,medium,fear
Matthew Petrov,medium,medium,medium,high,medium,disgust
Natasha Yang,low,high,high,low,high,happiness
Fatima Flores,medium,high,high,high,medium,neutral
Dmitri Lee,medium,high,medium,high,high,anger
Emily Rodriguez,high,high,low,low,medium,happiness
Sarah Kuznetsov,high,high,medium,high,low,sadness
Sofia Anderson,high,low,high,medium,low,happiness
Hassan Martinez,high,medium,low,medium,high,anger
Ivan Lebedev,low,high,medium,medium,low,anger
Dmitri Davis,high,low,high,low,high,disgust
David Morozov,low,medium,low,high,medium,sadness
Marcus Ramirez,medium,high,low,medium,low,neutral
Noah Khan,high,low,low,medium,low,surprise
Thomas Flores,low,high,medium,high,high,disgust
Felix Diaz,medium,medium,low,low,medium,anger
Michael Clark,medium,high,low,high,low,sadness
James Lopez,high,high,low,high,medium,happiness
Marcus Ali,low,low,high,low,low,happiness
Eva Anderson,medium,high,low,low,high,surprise
Carlos Roberts,high,medium,medium,medium,low,fear
Noor Lopez,low,medium,high,medium,high,fear
William Anderson,low,low,high,high,low,disgust
Carlos Liu,low,medium,medium,medium,low,disgust
Leila Lopez,medium,high,low,high,low,neutral
Ana Diaz,low,medium,high,low,low,sadness
Chen Al-Sayed,medium,high,low,high,low,surprise
Maria Diaz,low,high,low,high,low,happiness
Mei Kim,high,low,low,medium,high,disgust
Maria Brown,low,low,high,high,high,fear
Carlos Liu,high,high,high,high,low,sadness
Laura Smirnov,medium,medium,medium,low,low,happiness
Sophia Hassan,low,high,medium,medium,high,fear
Joseph Ramirez,medium,low,low,high,low,disgust
Clara Ramirez,medium,low,medium,high,high,disgust
Alice Liu,medium,low,low,high,low,surprise
Oliver White,low,high,low,low,high,neutral
Diego Singh,medium,low,low,high,medium,fear
Dmitri Clark,high,medium,low,high,medium,neutral
Zara Malik,low,medium,medium,medium,high,surprise
Sergei White,high,low,low,medium,medium,anger
Isabella Kumar,medium,low,medium,high,low,anger
Noor Ramirez,low,high,high,medium,medium,disgust
Mohammed Lebedev,low,low,medium,high,low,happiness
Dmitri Rivera,medium,low,medium,medium,low,disgust
James Petrov,high,medium,high,medium,high,sadness
James Diaz,medium,low,high,medium,medium,fear
Viktor Miller,medium,medium,medium,medium,medium,neutral
Sophia Lebedev,high,low,high,high,medium,neutral
Eva Patel,low,low,high,medium,low,surprise
Hui Jones,medium,high,low,low,high,sadness
Marcus Lebedev,high,low,medium,low,low,anger
Oliver Torres,low,medium,medium,medium,medium,anger
Clara Singh,low,medium,high,low,medium,surprise
Emma Kozlov,medium,low,high,low,medium,disgust
Leo Kumar,high,high,low,medium,high,surprise
Wei Patel,medium,low,low,medium,low,disgust
Marcus Jones,medium,medium,low,high,high,anger
Laura Zhang,medium,medium,medium,low,medium,neutral
Sakura Patel,medium,medium,low,medium,low,anger
Diego Malik,medium,medium,low,medium,medium,sadness
Thomas Sokolov,low,medium,medium,high,low,sadness
Michael Brown,medium,low,medium,low,medium,happiness
Laura Lee,medium,high,medium,low,high,sadness
Jin Taylor,medium,low,medium,low,low,surprise
Sarah Smith,medium,medium,medium,medium,low,surprise
Olivia Liu,high,low,medium,high,high,happiness
Alexander Ivanov,high,medium,high,medium,low,disgust
Luna Lopez,low,low,high,medium,medium,happiness
Olga Davis,high,high,low,medium,high,fear
Max Patel,high,high,high,low,medium,happiness
Felix Smirnov,low,high,low,high,low,anger
Emma Clark,medium,high,medium,low,low,sadness
Daniel Wang,low,medium,high,high,low,sadness
Kai Taylor,medium,low,low,medium,medium,disgust
Omar Johnson,medium,low,high,medium,high,fear
Lucas Shah,low,high,high,high,low,happiness
Kai Sanchez,medium,high,low,medium,medium,fear
Luna Jones,medium,medium,high,high,medium,happiness
Wei Flores,high,low,high,low,medium,surprise
Yuki Sokolov,low,medium,medium,medium,medium,neutral
Anna Tanaka,low,low,medium,medium,high,disgust
Alexander Brown,medium,low,medium,low,high,neutral
Miguel Rodriguez,high,low,high,medium,high,fear
Ekaterina Singh,low,medium,low,low,low,fear
Fatima Popov,medium,high,medium,high,medium,disgust
Hui Davis,medium,low,low,medium,high,fear
Sakura Smirnov,low,low,high,medium,high,neutral
Oliver Novikov,high,medium,medium,low,medium,surprise
Olivia Kumar,high,high,high,high,high,disgust
Lucas Sanchez,medium,high,low,low,medium,surprise
Julia Liu,medium,high,high,medium,high,disgust
Noor Ali,low,medium,low,low,low,sadness
Clara Lopez,low,medium,high,high,high,surprise
Ana Rivera,high,low,low,low,low,disgust
William Ali,high,medium,high,low,low,neutral
Noah Smith,high,medium,high,medium,high,neutral
Kai Martinez,high,high,high,high,low,happiness
Emily Kim,low,low,high,low,medium,surprise
Ana Lopez,medium,low,low,low,low,anger
Kai Lopez,low,high,low,low,medium,neutral
Mohammed Kozlov,low,low,low,low,high,fear
Carlos Young,high,low,high,low,low,sadness
Eva Kuznetsov,medium,high,high,low,high,sadness
Emma Martinez,medium,high,medium,high,high,happiness
Alexander Clark,low,medium,high,low,high,happiness
Ahmad Hassan,high,medium,low,low,high,neutral
Sakura Popov,low,high,high,low,medium,fear
Isabella Clark,medium,low,low,low,medium,fear
Ming Lebedev,high,high,medium,low,high,fear
Pablo Diaz,high,low,low,medium,low,neutral
Mei Smith,low,medium,medium,high,high,happiness
David Johnson,high,medium,medium,medium,low,disgust
Aurora Roberts,low,low,medium,low,high,anger
Marcus Smirnov,medium,low,medium,medium,medium,surprise
Zara Shah,low,high,medium,high,medium,happiness
Ming Sokolov,medium,low,medium,low,high,happiness
Olga Ali,high,low,medium,high,low,neutral
Chen Kozlov,low,low,high,low,high,surprise
Sarah Kumar,high,low,high,high,high,neutral
Mohammed Gomez,low,low,low,medium,high,surprise
Fatima Wilson,low,low,medium,low,low,fear
Dmitri Rodriguez,high,high,low,low,low,anger
David Gonzalez,low,high,high,medium,low,surprise
David Kumar,high,medium,medium,high,high,fear
Ming Malik,low,high,low,high,high,happiness
James Sanchez,high,medium,medium,low,medium,happiness
Yuki Sanchez,low,low,medium,high,low,fear
Matthew Brown,medium,medium,high,low,high,anger
William Ali,high,low,high,high,medium,fear
Ana Wilson,low,high,high,medium,low,fear
Emily Zhang,medium,high,high,high,low,surprise
Yuki Gonzalez,medium,low,high,high,medium,sadness
Felix Hassan,high,medium,medium,high,medium,anger
Ming Clark,medium,low,medium,high,low,sadness
Sergei Lee,high,high,high,medium,high,sadness
Noor Lopez,medium,high,low,high,low,happiness
Marcus Lee,low,high,high,high,high,disgust
Luna Wang,medium,low,low,low,high,anger
Sophie Torres,high,medium,high,medium,low,surprise
Yuki Malik,medium,high,high,high,low,neutral
Aisha Jones,low,low,high,medium,medium,surprise
Sakura Johnson,high,medium,medium,low,low,happiness
Viktor Hassan,low,medium,high,medium,low,happiness
Ekaterina Rivera,low,medium,low,low,low,disgust
Ivan Thompson,medium,low,low,high,medium,surprise
Sophie Martin,medium,medium,high,medium,high,anger
Julia Huang,low,high,high,medium,low,anger
Jin Novikov,low,high,high,low,low,fear
Ekaterina Shah,medium,medium,low,medium,medium,happiness
Elena Sokolov,low,high,medium,medium,high,disgust
David Garcia,high,medium,medium,low,low,surprise
Ahmad Malik,low,high,low,low,medium,surprise
Alice Lebedev,high,medium,high,low,high,disgust
Hui Wilson,low,high,medium,low,low,happiness
Diego Ahmed,high,medium,low,high,low,anger
Anna Malik,low,medium,low,high,high,sadness
Olivia Taylor,low,high,medium,high,low,disgust
Aisha Garcia,high,high,medium,low,low,sadness
Sophie Morozov,high,medium,high,medium,high,disgust
Sophia Lee,medium,medium,low,high,medium,fear
Dmitri Young,high,low,medium,low,medium,happiness
Lucas Huang,medium,medium,high,high,low,happiness
Zara Huang,high,high,high,low,low,surprise
Marcus Taylor,medium,high,medium,medium,medium,surprise
Sergei Lopez,low,medium,high,low,low,anger
Zara Yamamoto,high,high,medium,low,high,happiness
Mei Yamamoto,high,low,low,low,medium,anger
William Young,high,medium,medium,medium,low,neutral
Yuki Lopez,low,high,medium,high,medium,surprise
Ali Petrov,medium,high,low,low,low,disgust
Yuki Petrov,low,low,high,medium,medium,disgust
Sofia Kozlov,medium,high,low,low,medium,neutral
Oliver Singh,medium,medium,high,low,high,sadness
Nina Taylor,high,low,high,high,medium,happiness
Natasha Liu,medium,high,medium,low,medium,surprise
Olga Petrov,low,low,high,high,high,disgust
Marcus Young,medium,low,high,medium,medium,neutral
Emma Smirnov,medium,high,medium,low,high,surprise
Diego Ali,medium,medium,low,high,low,disgust
Ali Thompson,low,low,high,low,high,disgust
Sofia Diaz,medium,medium,medium,medium,high,surprise
Elena Chen,medium,high,medium,high,medium,fear
Michael Diaz,medium,high,high,medium,medium,anger
Hiroshi Brown,high,medium,medium,medium,high,fear
Sophia Kim,high,low,medium,medium,medium,sadness
Elena Wang,high,medium,high,low,high,anger
Matthew Wang,medium,medium,medium,low,low,anger
Mei Tanaka,high,high,medium,low,low,surprise
Emma Lewis,high,medium,low,medium,low,fear
Alexander Martinez,low,high,medium,low,low,fear
Wei Shah,high,high,high,high,medium,anger
Ali Thompson,low,medium,low,low,medium,sadness
Maria Kuznetsov,medium,low,low,medium,low,sadness
Ming Perez,high,high,low,high,high,disgust
Luna Wang,low,high,high,medium,high,happiness
Laura Davis,medium,high,medium,medium,low,anger
Ming Williams,high,high,medium,high,low,anger
Thomas Ivanov,high,high,high,high,high,happiness
Ming Smirnov,low,low,medium,medium,medium,surprise
Thomas Brown,low,high,medium,high,high,anger
Alice Popov,high,high,medium,medium,high,fear
Grace Johnson,high,medium,low,low,low,surprise
Zara Yamamoto,high,high,high,medium,low,fear
Ekaterina Hassan,low,high,medium,high,high,happiness
Ming Ramirez,medium,medium,low,low,medium,neutral
Ivan Miller,medium,low,low,low,high,sadness
Fatima Tanaka,medium,low,low,low,high,happiness
Aurora Ivanov,low,high,medium,low,medium,anger
Hassan Patel,medium,high,medium,medium,high,anger
Ming Flores,medium,medium,medium,high,low,sadness
Sarah Young,high,high,medium,medium,low,sadness
Emily Williams,low,medium,low,low,medium,fear
Laura Sokolov,low,low,medium,low,medium,neutral
Sergei Al-Sayed,medium,medium,high,medium,high,neutral
Sophie Smith,high,high,medium,high,high,surprise
Anna Rivera,high,high,low,low,low,neutral
Carlos Taylor,high,medium,medium,high,low,fear
Chen Chen,low,low,low,low,medium,disgust
Noor Jones,high,low,low,high,low,neutral
Emma Torres,medium,medium,medium,medium,high,anger
Emily Flores,high,low,medium,low,high,surprise
Alexander Al-Sayed,high,high,high,high,medium,sadness
Dmitri Smith,low,high,high,medium,low,happiness
Omar Novikov,low,low,medium,medium,low,disgust
Isabella Morozov,low,medium,medium,high,high,fear
Mei Khan,medium,high,medium,medium,high,happiness
Olivia Sokolov,low,medium,low,low,high,surprise
Mei Jones,low,low,low,low,medium,surprise
Elena Sanchez,high,high,low,medium,medium,surprise
Pablo Thompson,medium,low,medium,medium,low,surprise
Zara Smith,medium,high,low,medium,low,sadness
Kai Hassan,low,low,low,high,high,fear
Sophie Patel,low,high,low,low,high,anger
David Petrov,high,medium,low,low,high,happiness
Marcus Diaz,high,low,medium,high,medium,fear
Mei Young,high,high,medium,low,low,disgust
Joseph Wilson,high,high,medium,medium,low,happiness
Felix Malik,low,high,high,medium,medium,fear
Laura Lee,low,medium,medium,high,medium,disgust
Isabella Johnson,medium,low,low,low,low,disgust
Zara Kozlov,medium,low,medium,low,medium,disgust
Sergei Ivanov,high,low,high,medium,high,disgust
Sophie Rodriguez,low,low,low,medium,low,neutral
Diego White,high,low,high,low,medium,neutral
Ali Johnson,low,low,low,high,low,happiness
Diego Zhang,low,low,low,low,high,anger
Wei Ivanov,high,high,low,low,high,fear
Thomas Gomez,low,low,medium,medium,medium,disgust
Aurora Gonzalez,low,low,high,medium,low,fear
Aurora Tanaka,low,high,high,high,low,fear
Max Young,high,low,low,low,low,surprise
Sophia Shah,high,low,high,low,low,disgust
Diego Patel,high,medium,medium,medium,medium,surprise
Lucas Torres,high,high,low,low,low,surprise
Nina Young,low,high,high,low,high,surprise
Noor Rodriguez,medium,medium,low,high,medium,neutral
James Rivera,medium,medium,low,high,high,surprise
Emma Roberts,low,high,medium,low,low,surprise
Ava Martin,medium,medium,medium,low,high,disgust
Maria Ivanov,high,medium,low,high,medium,anger
Ming Anderson,high,high,low,medium,high,neutral
David Perez,low,medium,medium,high,low,anger
Ahmad Sokolov,low,high,medium,medium,medium,disgust
Pablo Ahmed,high,medium,low,low,low,happiness
Nina Petrov,medium,medium,low,low,medium,fear
Ekaterina White,high,medium,high,medium,low,happiness
Dmitri Gonzalez,high,low,high,high,low,neutral
Elena Khan,high,high,high,low,low,anger
Hiroshi Ahmed,high,low,medium,high,low,anger
Olga Williams,medium,low,low,low,medium,anger
Ava Zhang,high,high,low,medium,low,disgust
Liam Ahmed,high,high,medium,medium,medium,anger
Maria Ali,medium,low,high,high,low,happiness
Ivan Khan,high,low,high,low,medium,disgust
Anna Rodriguez,low,low,medium,high,medium,anger
Olivia Malik,high,medium,high,high,medium,surprise
Mohammed Morozov,medium,high,high,medium,medium,disgust
Olga Rodriguez,medium,low,low,medium,medium,surprise
Joseph Singh,high,low,low,low,low,happiness
Julia Johnson,high,medium,low,medium,low,anger
Miguel Kozlov,medium,low,low,low,low,happiness
Emma Miller,high,low,medium,medium,medium,surprise
Chen Hassan,medium,high,medium,high,low,surprise
Kai Lopez,low,low,low,medium,high,sadness
Jin Lee,medium,low,high,high,low,anger
Laura Yamamoto,high,low,high,medium,low,sadness
Diego Ramirez,medium,medium,low,medium,low,neutral
Miguel Clark,medium,low,medium,high,medium,surprise
Julia Smith,low,high,low,high,high,neutral
Sarah Rivera,low,medium,high,high,medium,anger
Ava Brown,low,low,high,low,high,sadness
Wei Diaz,high,high,medium,high,medium,anger
Jin Patel,medium,high,low,high,high,sadness
James Lebedev,high,medium,high,low,medium,happiness
Grace Lewis,low,medium,medium,low,high,anger
Ali Chen,low,high,medium,low,low,anger
Kai Brown,high,low,high,low,high,anger
William Novikov,medium,high,high,medium,low,disgust
Elena Smirnov,medium,low,medium,low,high,surprise
Lucas Rivera,medium,high,low,high,medium,sadness
Viktor Singh,medium,low,low,high,medium,neutral
Isabella Wang,high,medium,high,high,high,surprise
Dmitri Petrov,low,medium,high,medium,medium,sadness
Viktor Khan,high,medium,high,medium,medium,disgust
Emma Williams,low,high,low,high,medium,sadness
Sofia Flores,medium,low,high,high,medium,disgust
Sophia Wang,high,medium,medium,low,low,anger
Laura Torres,medium,high,medium,low,low,disgust
Ming Yamamoto,low,high,high,high,medium,disgust
Daniel Wang,high,low,high,low,medium,happiness
Wei Yamamoto,high,high,low,high,high,happiness
Ekaterina Liu,medium,low,medium,medium,medium,anger
Zara Gomez,low,low,low,low,medium,anger
Chen Al-Sayed,high,high,high,medium,high,disgust
Sophie Gomez,medium,medium,high,medium,medium,surprise
Yuki Sokolov,low,high,low,high,high,sadness
Daniel Zhang,high,low,low,medium,high,happiness
Hui Morozov,medium,high,medium,high,high,surprise
Liam Roberts,medium,low,low,high,medium,anger
Ali Patel,high,low,high,high,medium,surprise
Kai Hassan,low,medium,medium,high,low,surprise
Hassan Rivera,medium,high,high,low,high,happiness
Omar White,low,low,low,high,medium,neutral
Elena Huang,low,low,low,low,high,happiness
Chen Khan,low,low,medium,low,low,disgust
Miguel Petrov,low,high,low,high,medium,neutral
Jin Wang,medium,medium,low,medium,high,disgust
Viktor Lewis,high,low,medium,medium,high,surprise
Fatima Williams,high,medium,medium,high,low,sadness
Yuki Clark,medium,high,low,medium,low,anger
Hui Wilson,medium,medium,high,medium,low,surprise
William Wilson,medium,medium,medium,low,high,anger
Daniel Gonzalez,low,high,medium,low,medium,neutral
Felix Tanaka,high,low,low,high,low,disgust
Natasha Ramirez,low,high,low,low,medium,fear
Fatima Diaz,high,high,medium,low,low,happiness
Pablo Lopez,high,high,low,high,low,happiness
Luna Rodriguez,low,medium,high,medium,high,surprise
Marcus Sanchez,high,low,high,medium,low,surprise
Chen Khan,medium,low,high,high,high,surprise
Chen Wilson,high,medium,low,high,medium,sadness
Alice Torres,high,low,high,medium,medium,neutral
Maria Singh,medium,low,medium,low,medium,fear
Liam Patel,medium,medium,medium,medium,high,sadness
Emma Anderson,low,high,low,medium,low,anger
Lucas Malik,low,low,medium,medium,medium,neutral
Julia Huang,low,high,medium,medium,low,fear
Ekaterina Kim,high,high,high,high,low,fear
Kai Anderson,medium,medium,high,medium,high,fear
Noah Yang,high,high,high,medium,medium,neutral
Alexander Rodriguez,medium,medium,medium,low,medium,happiness
James Al-Sayed,low,high,medium,medium,low,sadness
Hiroshi Wilson,high,low,high,high,low,anger
Chen Lee,high,low,medium,medium,high,neutral
Miguel Ramirez,high,medium,high,high,medium,happiness
Leila Lee,low,medium,low,low,medium,anger
Matthew Diaz,low,high,high,low,low,surprise
Sophia Shah,medium,low,high,high,high,happiness
Sophia Hassan,high,low,medium,high,medium,anger
Omar Brown,low,high,high,medium,high,disgust
Isabella Zhang,high,medium,low,high,low,surprise
Maria Rodriguez,low,low,medium,medium,low,neutral
Natasha Rodriguez,medium,high,high,medium,high,sadness
Sophia Liu,medium,medium,low,medium,high,surprise
Mohammed Patel,medium,low,low,high,low,sadness
Matthew Smith,low,low,high,low,high,fear
Felix Singh,high,low,high,medium,high,anger
Aisha Zhang,high,high,medium,medium,low,surprise
Kai Johnson,high,high,low,low,low,sadness
Sofia Morozov,high,medium,medium,low,high,surprise
Ava Sanchez,medium,medium,low,low,high,sadness
Olga Yang,high,medium,low,medium,high,disgust
Natasha Sanchez,medium,low,medium,high,high,sadness
Mei Liu,low,medium,high,medium,low,surprise
Michael Diaz,high,high,high,high,medium,neutral
Yuki Taylor,high,high,medium,low,medium,surprise
Anna Liu,high,high,low,low,low,disgust
Zara Popov,high,medium,low,low,medium,anger
Oliver Thompson,high,high,high,high,high,sadness
Sarah Al-Sayed,low,high,medium,high,high,fear
Ali Al-Sayed,low,high,low,high,low,sadness
Eva Hassan,high,medium,medium,high,high,happiness
Noah Thompson,low,low,low,medium,high,happiness
Olivia Flores,low,high,high,high,high,neutral
Omar Patel,medium,high,medium,medium,high,neutral
Oliver Chen,low,low,low,medium,medium,disgust
Hui Torres,medium,medium,high,high,medium,anger
Natasha Lebedev,high,low,medium,medium,high,happiness
Natasha Yang,medium,low,high,high,low,surprise
Alice Sokolov,high,high,low,medium,high,disgust
Kai Young,medium,low,high,medium,high,happiness
Emma Liu,medium,medium,medium,low,medium,disgust
Clara Tanaka,high,high,medium,medium,low,disgust
Carlos Morozov,low,high,high,medium,high,anger
Joseph Singh,low,low,medium,medium,low,sadness
Sofia Shah,low,high,medium,low,high,fear
Eva Ali,medium,medium,low,high,medium,sadness
Fatima Chen,low,medium,low,low,high,fear
Diego Gonzalez,medium,high,medium,medium,high,fear
Leo Lebedev,high,medium,high,high,high,neutral
Sophia Rivera,low,low,low,high,low,anger
William Kuznetsov,low,medium,medium,low,low,disgust
Hiroshi Garcia,medium,low,medium,medium,high,happiness
Dmitri Liu,medium,medium,low,low,high,fear
James Wang,high,high,medium,medium,medium,sadness
Ahmad Yang,low,medium,medium,medium,medium,sadness
Noah Malik,high,medium,high,high,medium,neutral
Hassan Davis,high,high,low,high,high,anger
Lucas Sokolov,high,medium,medium,high,low,disgust
Mohammed Perez,low,medium,low,high,high,fear
Leila Chen,high,medium,medium,high,medium,happiness
Ana Miller,medium,high,high,high,high,happiness
Oliver Wilson,high,medium,low,medium,low,surprise
Ali Lewis,medium,high,medium,high,low,sadness
Chen Johnson,medium,high,medium,medium,medium,anger
Dmitri Sokolov,low,medium,low,high,low,anger
Natasha Petrov,low,high,low,high,medium,anger
Julia Martin,medium,medium,high,medium,medium,sadness
Hassan Kumar,medium,medium,low,low,low,neutral
Felix Gomez,low,high,medium,medium,high,neutral
Sarah Gomez,high,medium,high,medium,medium,sadness
Ivan Roberts,low,medium,low,high,low,sadness
Leila Ahmed,high,medium,medium,medium,high,sadness
Hassan Hassan,low,low,medium,low,medium,fear
Leila Khan,medium,low,medium,high,low,happiness
Noah Lebedev,medium,high,high,low,low,fear
Noor Tanaka,medium,high,low,medium,low,fear
Julia Khan,medium,high,high,high,low,disgust
Emily Kozlov,medium,medium,high,high,low,sadness
Clara Martin,low,high,medium,low,medium,disgust
Zara Kim,low,high,high,low,low,neutral
Miguel Miller,high,medium,low,medium,low,sadness
Oliver Singh,low,high,medium,low,low,neutral
Thomas Malik,low,high,medium,high,high,surprise
Isabella Smirnov,medium,high,low,medium,high,fear
Aurora Wilson,low,low,low,medium,low,disgust
Julia Perez,high,low,low,medium,high,anger
Ivan Novikov,low,low,low,medium,low,surprise
Aisha Taylor,medium,low,high,low,low,disgust
Yuki Novikov,medium,low,medium,medium,medium,fear
Hassan Rivera,high,high,low,medium,low,anger
Jin Ahmed,medium,high,medium,medium,medium,sadness
Dmitri Perez,medium,medium,medium,low,low,sadness
Hassan Lebedev,medium,low,low,high,low,happiness
Liam Tanaka,high,medium,low,low,medium,fear
Michael Roberts,low,high,high,low,medium,anger
Olga Ahmed,medium,high,low,low,high,disgust
Kai Brown,low,medium,medium,medium,low,surprise
Yuki Davis,medium,medium,high,high,low,disgust
Liam Diaz,high,high,low,high,medium,disgust
Elena Torres,medium,high,medium,low,medium,anger
Viktor Khan,low,medium,low,high,high,anger
Fatima Smirnov,medium,medium,high,low,medium,sadness
Chen Lopez,medium,high,high,high,high,fear
Sophia Khan,medium,low,medium,medium,high,surprise
Elena Kumar,low,medium,medium,medium,medium,disgust
Isabella Garcia,high,low,low,medium,low,disgust
Emily Perez,medium,high,low,medium,high,happiness
James Perez,medium,high,high,medium,low,neutral
Ana Yang,low,medium,low,medium,high,fear
Ava Rivera,high,high,high,low,low,happiness
Mohammed Ramirez,high,medium,high,medium,high,fear
Alexander Miller,low,high,high,high,low,sadness
Grace Roberts,medium,high,medium,low,medium,happiness
Michael Malik,high,high,high,medium,medium,fear
Fatima Davis,high,medium,low,low,low,disgust
Sarah Taylor,high,low,medium,high,medium,surprise
Aisha Torres,low,medium,low,medium,low,happiness
Isabella Malik,high,high,high,low,low,sadness
Ana Gomez,low,high,low,medium,high,disgust
Marcus Smirnov,medium,high,low,low,medium,happiness
William Petrov,low,medium,medium,high,medium,happiness
Dmitri Singh,low,medium,high,medium,low,disgust
Julia Shah,low,high,high,low,high,sadness
Max Novikov,high,medium,medium,low,medium,fear
Olivia Smirnov,low,low,medium,medium,low,surprise
Zara Rivera,low,medium,medium,medium,low,fear
Max Martinez,low,low,high,medium,low,anger
Leo Popov,medium,low,low,low,medium,happiness
Pablo Wang,low,medium,low,high,medium,happiness
Matthew Martinez,medium,high,high,medium,low,fear
Ahmad Rivera,medium,medium,medium,high,high,sadness
Mei Yamamoto,medium,high,low,high,medium,neutral
Eva Morozov,medium,low,low,medium,low,neutral
Felix Ramirez,medium,high,medium,high,medium,neutral
Jin Davis,medium,medium,medium,high,low,happiness
Ahmad Kumar,medium,high,low,high,high,anger
Ahmad Davis,high,low,high,high,low,surprise
Carlos Liu,high,medium,high,medium,high,happiness
Ali Kozlov,medium,low,low,low,low,fear
Kai Rivera,medium,high,medium,low,medium,disgust
Olivia Thompson,low,low,high,high,high,anger
Noah Wilson,medium,high,medium,high,high,disgust
Leila Morozov,high,high,high,medium,low,anger
Chen Al-Sayed,high,high,low,low,high,sadness
Omar Sokolov,high,high,medium,high,low,fear
Elena Martin,high,low,medium,medium,high,disgust
Michael Malik,low,high,medium,low,medium,surprise
Oliver Kim,low,low,high,medium,low,sadness
Noah Ivanov,medium,low,medium,high,medium,fear
Luna Shah,high,high,medium,medium,high,sadness
Emily Rodriguez,high,low,high,low,low,fear
Sophia Lewis,low,high,medium,low,high,sadness
Carlos Patel,high,low,high,high,high,sadness
Eva Roberts,high,high,low,medium,medium,anger
Michael Lebedev,low,medium,low,medium,high,sadness
James Martin,medium,high,high,medium,high,anger
Daniel Hassan,medium,medium,low,medium,low,fear
Hui Huang,medium,high,high,high,medium,fear
Lucas Chen,low,low,medium,high,low,anger
Alexander Lopez,high,high,medium,medium,medium,surprise
Eva Wang,medium,high,low,high,low,disgust
Julia Kozlov,medium,low,high,medium,high,surprise
Olivia Al-Sayed,low,medium,low,high,high,happiness
Hassan Yamamoto,medium,high,low,low,low,neutral
Mei Hassan,medium,high,high,low,medium,sadness
Aurora Kuznetsov,high,high,low,low,low,happiness
Olga Martin,high,medium,low,high,low,happiness
Alexander Jones,high,low,medium,low,low,neutral
Sergei Torres,low,medium,high,low,high,disgust
Matthew Lopez,medium,high,medium,high,high,sadness
Ming Novikov,medium,high,low,high,high,surprise
Max Taylor,high,high,low,high,medium,neutral
David Davis,high,medium,medium,low,low,disgust
Sakura Smirnov,low,high,high,high,high,sadness
Matthew Lopez,medium,high,high,high,high,anger
Hiroshi Garcia,low,medium,medium,high,high,neutral
Thomas Brown,medium,low,low,low,low,surprise
Natasha Wilson,high,low,medium,medium,medium,fear
Emily Roberts,high,low,medium,medium,medium,happiness
Alice Clark,low,high,medium,medium,high,happiness
Noah Ali,medium,medium,low,low,high,surprise
Emma Ivanov,low,low,low,low,high,sadness
Mohammed Lewis,medium,medium,medium,high,medium,sadness
Sergei Sokolov,medium,high,high,medium,high,happiness
Miguel Kim,high,high,low,low,medium,fear
Lucas Lopez,low,medium,medium,low,high,neutral
Max Wilson,high,medium,low,medium,low,neutral
Emily Gonzalez,high,low,medium,low,low,happiness
Ana Zhang,high,medium,low,high,high,happiness
Zara Brown,low,high,medium,low,high,disgust
Felix Thompson,low,medium,high,high,high,sadness
Ivan Yang,high,medium,low,medium,medium,disgust
Ekaterina Williams,low,medium,high,low,high,sadness
Lucas Novikov,high,high,low,high,low,fear
Grace Williams,high,low,low,medium,high,sadness
Grace Ahmed,high,high,medium,high,high,anger
Jin Yamamoto,medium,high,medium,high,low,happiness
Hiroshi Malik,medium,high,medium,medium,low,surprise
Alice Clark,low,high,medium,medium,high,surprise
Dmitri Huang,medium,high,high,medium,low,anger
James Rivera,low,medium,high,high,high,anger
Noor Chen,low,high,medium,medium,medium,anger
Michael Lee,medium,low,medium,high,low,neutral
Ali Hassan,medium,high,high,low,low,happiness
Pablo Ivanov,high,low,medium,low,medium,anger
Michael Huang,low,high,low,low,low,happiness
Daniel Torres,high,low,high,low,high,happiness
Clara Huang,high,high,high,low,high,anger
Lucas Martinez,medium,medium,low,high,low,happiness
Alice Morozov,medium,high,medium,high,medium,sadness
Anna Smith,low,low,low,low,medium,happiness
Aurora Davis,medium,medium,medium,high,low,anger
Sarah Diaz,low,medium,low,medium,low,fear
Omar Williams,medium,low,low,low,low,sadness
Daniel Perez,medium,low,low,medium,high,happiness
Ana Sokolov,low,high,medium,high,low,neutral
Sophia Khan,low,high,medium,low,high,anger
Ming Liu,high,low,high,medium,medium,surprise
Matthew Liu,medium,low,medium,high,low,fear
Hiroshi Miller,medium,low,medium,high,medium,sadness
Sofia Novikov,high,high,low,high,medium,anger
Clara Liu,high,medium,low,low,medium,happiness
Marcus Khan,high,medium,low,high,high,anger
Sophie Diaz,medium,medium,medium,high,low,fear
Dmitri Ahmed,medium,high,high,medium,medium,surprise
Leo Kim,high,low,high,medium,high,happiness
Nina Rodriguez,low,medium,medium,low,low,fear
Max Lopez,high,low,high,medium,medium,disgust
Carlos Roberts,high,high,medium,medium,low,anger
Ahmad White,high,high,low,high,low,surprise
Miguel Gomez,high,medium,low,high,high,fear
Olivia Yang,low,low,low,medium,medium,sadness
Olga Ahmed,low,high,medium,medium,medium,happiness
Leo Al-Sayed,medium,high,high,high,low,happiness
Joseph Tanaka,high,medium,low,high,medium,fear
Thomas Rodriguez,low,medium,low,low,low,surprise
Marcus Kozlov,low,high,high,low,low,happiness
Sophia Jones,low,medium,medium,low,high,happiness
Aisha Martinez,high,low,high,high,high,happiness
Emily Kuznetsov,low,low,low,low,high,neutral
Ava Thompson,medium,low,high,high,medium,happiness
David Wilson,medium,low,high,low,high,fear
Liam Young,medium,high,low,medium,low,disgust
Ahmad Diaz,medium,low,high,low,medium,happiness
Grace Wilson,low,medium,low,medium,medium,neutral
Olivia Shah,high,high,medium,high,low,neutral
Elena Garcia,medium,medium,low,medium,high,anger
Miguel Williams,high,medium,medium,medium,high,neutral
Nina Hassan,low,low,low,high,high,anger
Sakura Flores,medium,medium,low,low,low,happiness
Ali Ramirez,medium,low,high,medium,medium,surprise
Felix Ivanov,low,low,medium,high,medium,fear
Ana Sokolov,low,medium,low,high,medium,fear
Mei Thompson,low,high,low,low,low,disgust
Carlos Torres,high,medium,medium,medium,low,anger
Sophie Davis,low,medium,medium,low,medium,surprise
Felix Petrov,medium,low,low,high,high,neutral
Michael Yamamoto,high,high,low,high,medium,surprise
Kai Ramirez,medium,low,low,high,high,disgust
James Flores,high,medium,medium,high,medium,neutral
Clara Sokolov,medium,medium,high,high,medium,surprise
Eva Lee,medium,low,high,medium,medium,disgust
Alice Liu,medium,medium,high,high,high,happiness
Ava Roberts,low,medium,high,low,medium,happiness
Grace Garcia,medium,low,medium,low,low,sadness
Michael Smith,medium,high,medium,medium,medium,fear
William Patel,low,high,high,medium,low,neutral
Isabella Kumar,high,medium,medium,medium,medium,happiness
Olga Morozov,high,medium,high,high,low,sadness
Chen Huang,medium,low,low,high,medium,happiness
Luna Sokolov,high,high,medium,high,low,surprise
Ming Anderson,high,high,low,medium,medium,happiness
Diego Tanaka,low,low,low,high,low,neutral
Noah Lewis,high,high,high,medium,low,surprise
Aisha Lopez,low,low,low,medium,low,sadness
Liam Kozlov,low,medium,medium,low,low,anger
Diego Miller,medium,low,medium,medium,high,sadness
Liam Liu,medium,high,low,low,high,happiness
Mohammed Clark,medium,low,high,low,medium,fear
William Martinez,low,low,high,high,high,sadness
Jin Taylor,medium,medium,low,high,low,neutral
Alice Ali,medium,medium,high,low,low,fear
Chen Morozov,low,medium,medium,high,low,disgust
Mei Malik,medium,high,high,low,high,surprise
Thomas Roberts,low,low,low,medium,high,neutral
Chen Shah,medium,medium,low,high,high,sadness
Lucas Kumar,medium,high,high,medium,low,surprise
Daniel Diaz,medium,high,low,medium,medium,anger
Laura Martinez,low,medium,medium,medium,low,anger
Hassan Gomez,high,low,low,low,low,fear
Michael Kim,high,medium,low,high,low,fear
Viktor Martin,low,low,low,high,medium,disgust
Grace Lebedev,medium,medium,high,medium,medium,disgust
Diego Huang,high,medium,medium,medium,high,surprise
Isabella Lee,low,medium,high,medium,low,neutral
Aurora Ahmed,medium,high,high,high,high,neutral
Isabella Yang,high,low,medium,low,low,sadness
Aisha Martinez,low,low,medium,high,high,anger
Omar Davis,low,high,medium,high,low,sadness
Aurora Thompson,low,medium,high,high,high,neutral
Omar Sokolov,medium,high,low,low,medium,disgust
Natasha Garcia,low,medium,medium,medium,medium,surprise
James Khan,low,high,high,high,high,anger
Omar Anderson,high,medium,medium,low,low,fear
Hiroshi Sanchez,high,medium,medium,high,low,anger
Dmitri Ramirez,high,high,medium,low,high,anger
Aurora Roberts,low,medium,medium,low,medium,sadness
Alice Ali,medium,low,medium,medium,medium,neutral
Ivan Sanchez,high,high,high,high,high,surprise
Isabella Johnson,high,high,low,low,high,anger
Miguel Roberts,medium,medium,medium,high,high,happiness
Oliver Williams,low,medium,medium,high,high,anger
Elena Anderson,low,high,medium,high,medium,neutral
Grace Young,high,low,medium,medium,high,fear
David Ali,medium,medium,high,low,medium,neutral
Olivia Chen,medium,medium,high,high,high,anger
Isabella Flores,high,medium,medium,high,medium,surprise
Sophia Thompson,low,low,medium,medium,high,sadness
Matthew Roberts,low,high,low,medium,high,neutral
Grace Smith,high,medium,low,medium,high,sadness
Grace Davis,low,medium,high,low,low,surprise
Dmitri Yamamoto,medium,low,high,low,low,neutral
Sergei Huang,medium,medium,low,medium,medium,fear
Ekaterina Hassan,low,high,high,low,low,anger
Fatima Ali,medium,medium,medium,low,high,neutral
Fatima Rivera,medium,low,medium,high,low,disgust
Kai Martin,low,low,medium,high,medium,disgust
Nina Huang,low,medium,high,medium,low,fear
Matthew Torres,high,medium,high,high,high,happiness
Diego Jones,high,low,medium,low,high,disgust
Mohammed Johnson,medium,high,high,low,high,neutral
Hiroshi Lebedev,low,low,medium,low,medium,disgust
Sakura Sanchez,medium,medium,medium,high,low,neutral
Miguel Miller,low,low,medium,low,low,happiness
Jin Lewis,high,low,low,low,high,surprise
James Petrov,low,low,high,high,medium,happiness
Leila White,high,medium,high,medium,low,sadness
Omar Hassan,high,medium,high,low,medium,sadness
Carlos Smith,high,low,medium,medium,low,surprise
William Malik,low,low,high,high,low,neutral
Noor Rivera,high,low,high,low,low,anger
Olga Taylor,low,medium,high,low,medium,disgust
Leo Brown,low,low,low,medium,medium,fear
Daniel Sokolov,low,high,medium,high,medium,anger
Hassan Anderson,medium,high,high,low,high,disgust
Ali Taylor,high,medium,low,low,medium,sadness
Sophie Tanaka,medium,medium,high,medium,high,disgust
Sofia Lebedev,low,high,low,low,high,disgust
Ahmad Gomez,medium,medium,high,high,medium,neutral
Emma Sokolov,low,medium,high,low,medium,neutral
Maria Lebedev,high,medium,medium,low,high,disgust
Hassan Tanaka,medium,low,medium,low,low,neutral
Alexander Jones,low,medium,high,low,low,fear
Nina Diaz,medium,high,low,medium,low,surprise
Oliver Huang,high,medium,high,high,high,fear
Daniel Jones,medium,medium,medium,low,medium,sadness
Wei Diaz,medium,low,medium,low,high,disgust
Leila Clark,high,high,low,low,low,fear
Miguel Popov,high,medium,medium,low,high,anger
Leila Flores,medium,medium,medium,high,high,neutral
Sofia Chen,medium,medium,low,medium,high,fear
Sarah Ramirez,low,low,low,high,low,sadness
Sophie Lee,high,medium,medium,high,low,surprise
Aisha Ramirez,low,high,medium,medium,low,disgust
Ali Gomez,low,medium,low,medium,medium,disgust
Aisha Martinez,medium,low,high,high,low,disgust
David Popov,low,medium,low,low,medium,neutral
Laura Popov,low,medium,high,medium,high,disgust
Nina Young,medium,high,high,high,low,fear
Felix Wilson,high,low,high,low,medium,sadness
Ivan Shah,low,high,medium,high,low,anger
Hiroshi Rivera,high,low,medium,low,high,neutral
Ahmad Popov,high,medium,high,low,medium,surprise
Olga Lebedev,medium,low,medium,high,high,neutral
William Popov,high,low,low,high,low,sadness
Julia Lebedev,high,medium,medium,medium,medium,neutral
Ava Flores,low,medium,high,high,low,happiness
Nina Martin,low,high,medium,medium,low,surprise
Hassan Thompson,high,medium,medium,medium,low,sadness
Aisha Anderson,high,medium,low,medium,medium,neutral
Eva Petrov,low,low,medium,low,high,surprise
David Anderson,medium,medium,high,medium,medium,happiness
Emily Gomez,low,high,high,medium,medium,anger
Anna Huang,low,high,low,medium,high,sadness
Laura Flores,low,low,low,high,high,happiness
Sofia Yang,medium,medium,low,high,low,sadness
Elena Kozlov,medium,high,medium,medium,low,neutral
Ekaterina Sokolov,low,high,high,low,high,disgust
Viktor White,high,medium,high,low,medium,fear
Olga Kozlov,medium,medium,medium,medium,high,neutral
Chen White,medium,medium,low,low,medium,happiness
Aurora Lopez,high,medium,high,low,low,disgust
Noor Kozlov,medium,high,low,high,medium,happiness
Sakura Tanaka,medium,low,low,low,medium,sadness
Ahmad Rodriguez,low,medium,high,medium,high,happiness
Grace Flores,medium,low,high,medium,high,neutral
Alexander Kim,high,high,low,medium,high,happiness
Joseph Young,high,low,low,high,low,fear
Thomas Ramirez,high,low,low,high,high,surprise
Luna Yamamoto,high,medium,high,low,high,happiness
Joseph Martin,medium,high,high,medium,medium,fear
Matthew Ramirez,low,low,high,high,high,neutral
David Brown,low,medium,high,low,low,happiness
Sofia Lebedev,high,high,high,low,high,happiness
Sakura Morozov,low,low,medium,medium,high,happiness
Maria White,high,high,medium,high,medium,sadness
Michael Smirnov,low,medium,high,low,high,anger
Elena Kuznetsov,low,low,medium,high,low,neutral
Clara Williams,medium,low,medium,low,low,fear
Julia Yang,high,low,low,medium,medium,neutral
Thomas Wang,medium,high,low,medium,low,happiness
Sophia Khan,medium,low,high,high,high,fear
Olga Liu,high,high,medium,high,medium,disgust
Jin Gonzalez,medium,medium,medium,high,high,fear
Miguel Wang,medium,high,low,low,low,surprise
Luna Kozlov,high,low,medium,medium,low,disgust
Ana Yang,high,low,low,high,medium,sadness
Julia Malik,low,low,low,high,high,surprise
Luna Ali,medium,high,high,low,low,sadness
Isabella Jones,high,medium,high,medium,medium,neutral
Mohammed Flores,low,high,high,low,medium,happiness
Isabella Anderson,high,low,medium,high,high,sadness
Omar Gomez,high,medium,low,low,high,surprise
Aurora Wilson,high,high,high,medium,low,sadness
Elena Popov,low,low,high,medium,medium,sadness
Joseph Smith,medium,medium,high,high,low,anger
Matthew Miller,high,high,high,low,low,disgust
Joseph Kuznetsov,high,medium,low,medium,low,happiness
Sophie Malik,high,high,low,high,high,neutral
Zara Clark,medium,medium,low,low,medium,sadness
Ivan Miller,medium,medium,low,low,medium,disgust
Leo Ali,low,medium,low,medium,low,sadness
Ahmad Gonzalez,high,medium,medium,high,medium,disgust
Eva Miller,medium,medium,medium,low,medium,anger
Michael Novikov,high,low,medium,low,low,fear
Olivia Lee,high,low,high,high,low,happiness
Alice Anderson,medium,high,high,low,medium,surprise
Ekaterina Malik,medium,high,high,high,low,sadness
Hui Lopez,medium,high,medium,low,high,disgust
Hassan Flores,low,low,low,low,medium,fear
Ana Shah,low,low,low,high,medium,surprise
Mohammed Rodriguez,low,medium,low,low,high,sadness
Viktor Kim,medium,high,medium,high,high,neutral
Daniel Hassan,medium,low,medium,medium,low,neutral
Olga Davis,low,high,medium,low,low,disgust
Maria Al-Sayed,low,medium,medium,high,low,happiness
Mei Wilson,low,low,low,low,low,sadness
Sergei Sokolov,high,low,medium,low,low,surprise
Liam Jones,medium,medium,low,low,medium,surprise
Aisha Wang,medium,high,medium,low,high,neutral
William Singh,medium,medium,medium,medium,low,disgust
Aurora Petrov,low,medium,low,high,medium,surprise
Sarah Zhang,medium,low,high,medium,low,neutral
Lucas Martinez,medium,low,medium,medium,high,disgust
Hiroshi Shah,high,medium,low,low,medium,surprise
Viktor Yang,high,high,medium,high,high,fear
Fatima Gonzalez,low,medium,medium,low,medium,happiness
Leila Roberts,low,low,medium,medium,medium,fear
Pablo Liu,medium,medium,medium,low,low,fear
Mei Rodriguez,low,low,low,low,high,surprise
Mohammed Zhang,low,high,low,medium,medium,disgust
Emma Taylor,medium,low,low,low,high,neutral
Sergei Lewis,high,high,high,high,low,anger
Miguel Yamamoto,low,low,high,low,low,sadness
Clara Davis,low,medium,low,low,high,anger
Luna Diaz,high,medium,medium,high,low,happiness
Hui Zhang,low,medium,medium,medium,low,happiness
Diego Brown,high,medium,high,low,low,surprise
Emily Yamamoto,high,high,low,medium,medium,neutral
Wei Al-Sayed,high,medium,medium,low,high,fear
Elena Huang,medium,medium,low,low,high,neutral
Olivia Smith,low,low,high,medium,low,disgust
Sergei Singh,high,high,high,medium,low,disgust
Dmitri Zhang,medium,medium,high,medium,medium,fear
Max Kozlov,high,high,low,low,high,disgust
Diego Yamamoto,low,high,low,medium,low,happiness
Alice Ahmed,low,high,medium,low,low,sadness
Viktor Zhang,medium,high,low,high,low,anger
Leila Garcia,medium,high,low,low,low,happiness
Ana Rodriguez,medium,high,low,medium,medium,sadness
Olga Chen,high,medium,medium,medium,high,happiness
Dmitri Davis,high,low,medium,high,high,anger
Diego Al-Sayed,high,high,high,medium,high,fear
William Al-Sayed,low,high,low,medium,medium,surprise
Matthew Sokolov,low,low,medium,medium,low,fear
Miguel Smirnov,low,low,medium,high,high,neutral
Alice Lopez,medium,low,high,medium,low,fear
Oliver Kumar,high,high,low,high,high,surprise
Sakura Clark,high,low,high,high,medium,sadness
Isabella Taylor,high,medium,medium,high,high,neutral
Thomas Morozov,low,low,high,low,medium,fear
Michael Anderson,low,low,low,medium,low,anger
Hassan Lewis,medium,medium,high,medium,low,anger
Chen Wang,medium,medium,low,low,low,anger
Sophia Lewis,high,medium,high,high,high,disgust
Eva Al-Sayed,low,medium,high,medium,medium,surprise
Julia Perez,high,medium,medium,medium,low,surprise
James Lopez,low,medium,low,medium,low,surprise
Hui Torres,low,high,low,high,low,neutral
Diego Lewis,high,low,high,medium,medium,happiness
Olivia Al-Sayed,low,medium,low,medium,high,neutral
Aisha Khan,low,high,high,high,medium,happiness
Sarah Wang,medium,medium,high,low,high,happiness
Julia Morozov,high,low,low,medium,medium,surprise
Ali Anderson,low,high,medium,high,medium,disgust
Ekaterina Novikov,medium,high,high,low,low,surprise
Zara Martin,medium,high,high,high,medium,sadness
Sofia Kuznetsov,high,high,low,low,high,surprise
Sakura Sanchez,medium,low,high,high,medium,surprise
Ava Rodriguez,medium,high,low,medium,medium,disgust
Julia Wilson,medium,low,medium,low,low,disgust
Joseph Brown,medium,high,low,low,low,fear
Emma Gomez,medium,medium,low,low,low,sadness
Clara Yamamoto,low,low,high,low,high,happiness
Mei Huang,high,high,low,medium,high,anger
Natasha Clark,medium,low,low,high,low,neutral
Eva Yamamoto,low,medium,high,high,medium,sadness
Thomas Johnson,high,low,low,high,high,sadness
Matthew Thompson,low,high,high,low,high,fear
Dmitri Kumar,high,low,low,high,low,anger
Sergei Young,low,medium,medium,medium,high,fear
Aurora Gonzalez,medium,medium,medium,medium,medium,happiness
Laura Lewis,high,low,low,low,high,sadness
Nina Ali,medium,high,high,low,high,anger
Viktor Ahmed,high,low,high,low,low,surprise
William Wilson,high,high,medium,medium,medium,happiness
Liam Chen,medium,medium,medium,medium,high,fear
Sophie Davis,low,low,low,high,medium,sadness
Clara Tanaka,low,high,high,high,medium,surprise
Max Davis,low,medium,medium,medium,high,anger
Chen Kuznetsov,high,medium,high,low,high,neutral
Lucas Rodriguez,medium,low,high,medium,low,happiness
Max Popov,medium,medium,high,low,low,neutral
Clara Popov,medium,low,low,medium,high,disgust
Oliver Rodriguez,high,high,medium,low,high,neutral
Liam Rodriguez,low,medium,medium,medium,high,disgust
Leo Kim,high,medium,low,high,high,sadness
Hui Gomez,low,medium,low,low,medium,happiness
Natasha Lewis,low,medium,low,medium,high,disgust
Leila Diaz,low,medium,low,medium,low,disgust
Leo Petrov,medium,medium,medium,high,low,disgust
Viktor Sanchez,high,medium,high,high,medium,sadness
Diego Anderson,low,low,high,low,low,anger
Alexander Flores,low,low,medium,low,high,sadness
Miguel Flores,low,high,medium,high,medium,fear
Noor Shah,high,low,medium,high,low,disgust
William Roberts,high,medium,medium,high,medium,fear
Ming Malik,high,low,low,low,medium,fear
Olivia Sanchez,low,high,medium,low,high,surprise
Dmitri Johnson,low,low,medium,high,low,disgust
Viktor Lebedev,medium,medium,medium,medium,low,fear
Aisha Smith,high,high,low,medium,medium,sadness
Alexander Lee,low,low,low,low,medium,neutral
Sakura Martinez,high,medium,medium,high,high,sadness
Ekaterina Miller,low,low,medium,high,low,sadness
Hassan Khan,medium,medium,low,high,medium,anger
Felix Clark,high,medium,medium,medium,medium,fear
Chen Rivera,high,medium,low,low,medium,disgust
Aurora Zhang,medium,high,medium,medium,low,disgust
Aisha Young,high,high,high,low,high,fear
Ana Shah,high,medium,low,medium,medium,anger
Pablo Martin,low,medium,low,high,medium,disgust
Wei Wilson,medium,high,medium,medium,low,happiness
Aisha Ahmed,low,medium,medium,high,high,surprise
Anna Yang,low,high,low,low,low,surprise
Natasha Perez,high,medium,high,low,low,fear
Hassan Gonzalez,low,low,medium,medium,high,neutral
Kai Flores,low,medium,high,medium,low,sadness
Elena Novikov,low,low,high,high,low,surprise
Max Lebedev,low,low,low,medium,low,happiness
Luna Ali,high,low,high,high,high,surprise
Wei Ramirez,high,low,medium,low,high,sadness
Mei Lewis,high,high,medium,high,medium,surprise
Ahmad Lewis,medium,low,medium,medium,high,anger
Emma Clark,low,high,medium,high,low,happiness
Elena Martin,low,medium,low,high,low,fear
Emma Zhang,low,high,high,medium,low,sadness
William Diaz,medium,medium,medium,medium,medium,anger
Nina Miller,medium,medium,medium,medium,low,happiness
Sophia Perez,medium,low,high,high,low,sadness
Alexander Flores,medium,low,high,low,medium,neutral
Emma Khan,low,high,medium,medium,medium,sadness
Chen Kozlov,high,high,high,medium,medium,sadness
David Yang,high,high,low,high,low,disgust
Mohammed Kuznetsov,high,high,medium,low,medium,anger
Leo Yamamoto,medium,medium,medium,medium,high,disgust
Oliver Martinez,high,low,high,high,low,fear
Ali Singh,high,high,low,high,medium,sadness
Aurora Thompson,high,medium,high,medium,low,fear
Sakura Wang,high,medium,high,low,high,surprise
Sofia Brown,medium,low,low,high,high,happiness
Leila Shah,high,high,high,medium,medium,anger
Alice Wang,high,high,medium,high,high,disgust
Diego Kozlov,medium,high,medium,low,high,happiness
Kai Diaz,high,medium,high,medium,low,neutral
Max Yamamoto,medium,high,low,medium,medium,happiness
Max Ali,medium,high,high,medium,medium,neutral
Ana Al-Sayed,low,low,low,medium,medium,surprise
Ivan Rodriguez,medium,medium,high,medium,low,sadness
Ana Khan,high,medium,low,medium,medium,fear
Wei Ahmed,low,medium,high,high,low,neutral
Wei Singh,high,low,medium,medium,low,neutral
Sakura Ali,high,high,low,low,medium,sadness
Emma Wilson,low,medium,high,medium,high,neutral
Yuki Johnson,medium,high,low,medium,medium,surprise
Laura Shah,high,high,high,high,low,neutral
Joseph Yang,medium,medium,high,low,high,disgust
Ali Chen,low,high,medium,high,high,sadness
Daniel Kozlov,low,high,medium,low,medium,happiness
Isabella Lee,high,low,medium,medium,medium,anger
Noor Roberts,medium,low,medium,low,high,fear
Clara Johnson,low,medium,low,medium,high,surprise
Alice Williams,high,high,high,high,medium,fear
Ali Martinez,low,high,low,medium,high,anger
Sophia Sanchez,high,high,high,medium,high,surprise
Grace Huang,low,medium,low,medium,medium,anger
Ekaterina Perez,low,high,high,high,low,disgust
Chen Yang,low,medium,high,low,high,fear
Zara Patel,high,high,high,low,high,surprise
Sofia Roberts,high,low,medium,medium,low,fear
Sofia Taylor,medium,medium,high,medium,medium,anger
Ekaterina Anderson,high,medium,low,low,high,anger
Ming Ramirez,high,low,medium,high,medium,happiness
Alexander Gomez,medium,medium,medium,medium,low,anger
Dmitri Al-Sayed,high,medium,medium,low,medium,neutral
Ming Hassan,low,medium,medium,high,medium,anger
Hui Chen,high,low,low,medium,medium,fear
Julia Shah,high,medium,medium,low,high,neutral
Sofia Torres,high,high,low,medium,low,fear
Ming Lebedev,high,medium,medium,low,medium,sadness
Leila Sanchez,low,high,low,low,low,sadness
Noah Lewis,medium,low,medium,medium,medium,happiness
James Liu,low,high,high,medium,medium,surprise
Matthew Martinez,high,low,low,medium,medium,happiness
Carlos Jones,medium,medium,low,high,low,fear
Oliver Smirnov,low,high,medium,medium,medium,fear
Olga Taylor,low,low,medium,medium,medium,sadness
Joseph Lewis,medium,high,low,high,medium,fear
Jin Al-Sayed,medium,low,high,medium,low,sadness
Natasha Ahmed,low,low,high,medium,low,happiness
Emma Young,low,low,medium,high,high,surprise
Thomas Zhang,medium,high,low,high,medium,anger
Emily Chen,high,low,low,high,low,surprise
Maria Lewis,high,medium,high,medium,high,anger
Ivan Garcia,low,medium,low,medium,low,anger
Mohammed Al-Sayed,medium,medium,low,low,high,anger
Ming Huang,high,medium,high,low,medium,neutral
Julia Anderson,high,low,high,low,high,sadness
Oliver Jones,low,medium,low,low,high,disgust
Emma Williams,high,medium,high,high,high,anger
Nina Singh,high,high,low,low,medium,anger
Liam Diaz,high,medium,medium,high,medium,sadness
Leo Lee,high,low,medium,high,medium,neutral
Diego Jones,medium,low,high,low,high,neutral
Ava Wang,medium,low,low,high,low,anger
Julia Yamamoto,medium,medium,low,medium,medium,surprise
Sakura Rodriguez,medium,medium,medium,low,high,sadness
Olga Chen,low,medium,high,high,low,surprise
Aisha Al-Sayed,low,low,medium,medium,medium,happiness
Kai Davis,high,low,low,medium,low,fear
Olga Hassan,low,low,medium,low,high,happiness
Sophia Gomez,medium,low,medium,medium,high,fear
Alexander Kuznetsov,high,medium,low,high,low,disgust
Marcus Tanaka,low,high,low,low,low,anger
Miguel Popov,high,medium,medium,low,medium,disgust
Alexander Lee,medium,low,medium,medium,low,fear
Sarah Lee,low,medium,medium,medium,high,happiness
William Taylor,low,high,low,medium,high,fear
Alexander Clark,low,medium,medium,low,low,sadness
Emily Ali,high,high,low,low,high,neutral
Carlos Ali,low,medium,low,high,low,neutral
Felix Yamamoto,medium,high,medium,high,medium,anger
Olga Liu,medium,low,low,medium,high,surprise
Leila Anderson,low,high,low,low,high,sadness
Emma Taylor,low,medium,low,medium,high,happiness
Sarah Lewis,low,high,low,low,medium,sadness
Eva Khan,medium,high,low,low,low,anger
Julia Kuznetsov,low,low,high,high,medium,fear
Max Thompson,high,low,low,low,high,neutral
Noor Sokolov,medium,medium,low,medium,low,surprise
Liam Jones,high,low,low,high,medium,fear
Yuki Smirnov,medium,high,low,low,high,neutral
Lucas Torres,high,medium,high,low,high,sadness
Ava Roberts,medium,medium,low,medium,low,sadness
Sarah Liu,low,low,low,low,low,anger
Emily Kozlov,medium,high,medium,medium,medium,happiness
Thomas Garcia,low,medium,medium,high,low,neutral
Dmitri Smith,high,high,medium,high,low,disgust
Hassan Shah,low,low,high,low,low,disgust
David Ramirez,high,high,low,medium,low,sadness
Mei Martin,medium,low,low,medium,medium,anger
Hiroshi Popov,high,medium,medium,medium,high,anger
Omar Miller,low,high,low,high,medium,happiness
Eva Torres,medium,high,high,medium,medium,sadness
David Taylor,low,high,high,low,low,sadness
Viktor Flores,high,low,low,low,medium,sadness
Emma Lebedev,high,high,high,low,medium,sadness
Hui Smith,low,high,low,high,high,disgust
Maria Martinez,medium,medium,low,high,medium,happiness
Sakura Morozov,high,low,high,high,medium,anger
Olivia Ali,medium,low,medium,high,medium,neutral
Liam Sanchez,low,medium,medium,medium,low,sadness
Sophia Anderson,high,low,medium,high,high,fear
Yuki Wilson,medium,medium,low,low,low,fear
Hiroshi Yang,low,medium,high,low,low,neutral
Julia Petrov,high,low,high,low,low,happiness
Pablo Gomez,high,high,medium,low,medium,happiness
Sophie Tanaka,low,low,low,medium,low,fear
Omar Morozov,medium,low,low,medium,medium,neutral
Olivia Gomez,low,low,medium,low,high,neutral
Aisha Flores,high,high,medium,medium,medium,disgust
Hui White,medium,medium,low,high,medium,disgust
Emily Davis,low,medium,high,high,high,disgust
Matthew Popov,high,low,high,medium,medium,fear
Elena Garcia,high,medium,medium,low,high,happiness
Fatima Kumar,low,low,medium,high,high,disgust
Olivia Zhang,high,low,low,high,high,disgust
Elena Petrov,medium,medium,high,medium,low,neutral
Ali Williams,medium,low,high,low,low,happiness
Aurora Popov,medium,high,medium,low,low,happiness
Daniel Tanaka,low,low,high,medium,high,surprise
Isabella Petrov,low,low,high,high,medium,neutral
Marcus Novikov,medium,medium,high,medium,high,happiness
Aisha Jones,low,low,high,medium,high,fear
Marcus Perez,high,high,medium,low,medium,sadness
Alice Kumar,high,high,medium,medium,high,disgust
Maria Rivera,high,low,high,medium,low,anger
Michael Rodriguez,high,medium,low,high,high,neutral
Lucas Singh,low,medium,low,medium,high,anger
Ming Taylor,low,low,high,high,low,anger
Kai Perez,medium,medium,high,low,high,fear
Emily Shah,high,low,high,low,medium,anger
Laura Roberts,high,medium,high,high,medium,anger
Sophia Taylor,high,medium,high,low,medium,anger
Eva Martinez,medium,low,high,medium,low,disgust
Dmitri Ahmed,low,high,low,medium,low,fear
Ava Brown,high,high,medium,low,medium,fear
Dmitri Kozlov,medium,high,medium,high,high,fear
Ivan Chen,medium,medium,low,medium,medium,anger
Maria Gomez,medium,low,medium,high,medium,happiness
Anna Shah,low,low,medium,medium,low,happiness
Liam Morozov,medium,medium,medium,medium,medium,disgust
Daniel Yamamoto,high,medium,high,medium,medium,surprise
Alexander Garcia,high,low,low,low,high,disgust
Nina Kozlov,medium,high,low,low,medium,fear
Elena Smith,low,high,low,medium,medium,sadness
Omar Chen,high,low,low,medium,low,happiness
Nina Brown,high,high,medium,medium,medium,neutral
Pablo Gonzalez,medium,high,low,low,medium,anger
Sakura Morozov,medium,medium,medium,medium,medium,surprise
Jin Lee,high,high,high,high,low,disgust
Fatima Lee,medium,medium,high,high,high,neutral
Yuki Wilson,medium,medium,low,low,low,surprise
Wei Martin,medium,high,medium,medium,low,sadness
Diego Singh,medium,high,high,medium,high,surprise
Sakura Kim,medium,low,medium,high,high,anger
Ali Morozov,medium,medium,low,high,high,disgust
Ming Thompson,medium,high,low,high,high,neutral
Noah Yang,low,medium,high,high,low,fear
Laura White,low,high,high,medium,high,sadness
Natasha Rodriguez,medium,low,high,low,high,anger
Kai Popov,low,low,high,high,low,sadness
Thomas Rivera,high,low,medium,high,medium,sadness
Yuki Kim,low,low,high,high,low,happiness
Ekaterina Rodriguez,high,low,medium,high,high,neutral
Miguel Gonzalez,low,low,high,low,medium,neutral
Natasha Morozov,high,high,low,high,medium,fear
Emma Kozlov,medium,low,high,high,medium,fear
Leila Morozov,low,low,high,low,medium,happiness
Ahmad Torres,medium,medium,medium,high,high,anger
Elena Kuznetsov,high,low,high,high,high,fear
Hassan Khan,low,high,low,low,medium,happiness
William Shah,medium,low,low,medium,low,happiness
Lucas Ramirez,medium,high,low,medium,high,surprise
Emma Al-Sayed,low,high,high,low,medium,disgust
Ava Singh,medium,medium,high,low,low,surprise
Grace Tanaka,high,medium,low,high,low,sadness
Marcus Kozlov,low,high,high,medium,medium,sadness
Leo Al-Sayed,high,low,medium,low,low,disgust
Ana Gonzalez,low,low,low,low,high,disgust
Carlos Jones,high,low,low,low,low,neutral
Olivia Johnson,low,low,high,low,low,surprise
Oliver Roberts,low,low,high,low,medium,anger
Felix Patel,medium,low,high,medium,high,sadness
Ava Martinez,low,low,low,high,high,disgust
Zara Anderson,medium,medium,high,low,medium,anger
David Hassan,low,high,high,high,high,fear
Ana Malik,high,high,high,low,medium,anger
Isabella Kozlov,high,medium,low,medium,medium,sadness
Sakura Miller,high,high,high,high,high,fear
Diego Gomez,high,high,high,low,medium,surprise
Hui Lopez,high,medium,low,medium,medium,surprise
Ava Wilson,medium,medium,high,medium,low,happiness
Sofia Yamamoto,low,medium,low,medium,medium,happiness
Ivan Sanchez,low,high,high,medium,high,fear
Elena Diaz,medium,medium,high,low,medium,disgust
Viktor Miller,high,low,medium,low,medium,surprise
Ivan Novikov,high,low,low,low,medium,happiness
Maria Ivanov,medium,medium,high,medium,low,disgust
Oliver Gomez,low,high,low,low,low,neutral
Chen Roberts,medium,low,high,medium,low,anger
Aurora Johnson,medium,high,high,low,low,neutral
Omar Ramirez,low,low,low,high,high,sadness
Liam Roberts,low,medium,low,high,high,disgust
Laura Ivanov,high,medium,low,low,high,fear
Clara Petrov,medium,medium,low,high,low,surprise
Ana Diaz,medium,high,high,high,medium,disgust
Hiroshi Diaz,low,medium,high,low,high,surprise
Sofia Gonzalez,medium,medium,low,medium,medium,disgust
Matthew Rodriguez,low,high,medium,medium,low,neutral
Matthew Rivera,high,high,low,medium,high,sadness
Pablo Taylor,medium,low,low,high,high,fear
Oliver Johnson,medium,medium,high,low,high,neutral
Noah Yamamoto,medium,low,medium,low,medium,anger
Grace Gonzalez,medium,medium,medium,medium,low,sadness
Liam Lewis,low,high,medium,medium,high,anger
Anna Lee,high,high,medium,medium,low,neutral
Miguel Gomez,low,high,medium,low,medium,sadness
Clara Smith,medium,medium,high,medium,low,fear
Aurora Sokolov,high,medium,medium,high,high,disgust
Olivia Hassan,medium,high,medium,medium,medium,disgust
Max Singh,low,low,low,medium,high,anger
Dmitri Gonzalez,high,low,medium,low,high,fear
Sarah Garcia,low,medium,high,high,low,anger
Mei Hassan,low,high,low,medium,medium,neutral
Laura Ali,high,low,low,high,high,happiness
David Kozlov,high,low,low,high,medium,disgust
Diego White,low,high,low,medium,medium,anger
Isabella Kim,medium,medium,high,high,low,surprise
Aurora Smirnov,medium,medium,low,high,medium,surprise
Sakura Roberts,high,low,high,medium,medium,anger
Max Al-Sayed,low,high,low,low,medium,anger
Thomas Martinez,high,low,low,high,medium,surprise
David Lopez,medium,low,low,low,high,disgust
Emily Shah,low,high,high,low,medium,neutral
Aisha Wilson,low,low,medium,high,medium,neutral
Aurora Martin,high,low,high,high,low,sadness
Ahmad Martinez,medium,high,medium,low,high,fear
